{"cameraMode":{"drawMode":0,"name":"Shaded","section":"Shading Mode"},"sceneLighting":false,"audioPlay":false,"sceneViewState":{"m_AlwaysRefresh":false,"showFog":true,"showSkybox":false,"showFlares":true,"showImageEffects":true,"showParticleSystems":true,"showVisualEffectGraphs":true,"m_FxEnabled":true},"in2DMode":false,"pivot":{"x":883.2418212890625,"y":1796.0279541015625,"z":-541.3178100585938},"rotation":{"x":0.4414598047733307,"y":0.0005370024591684341,"z":-0.0002460165705997497,"w":0.8972999453544617},"size":79.05693817138672,"orthographic":false}