{"cameraMode":{"drawMode":0,"name":"Shaded","section":"Shading Mode"},"sceneLighting":true,"audioPlay":false,"sceneViewState":{"m_AlwaysRefresh":false,"showFog":true,"showSkybox":true,"showFlares":true,"showImageEffects":true,"showParticleSystems":true,"showVisualEffectGraphs":true,"m_FxEnabled":true},"in2DMode":false,"pivot":{"x":957.8093872070313,"y":596.808837890625,"z":165.3497314453125},"rotation":{"x":0.06026551127433777,"y":-0.01678885705769062,"z":0.0010127749992534519,"w":0.9980555772781372},"size":366.1966552734375,"orthographic":false}