{"cameraMode":{"drawMode":0,"name":"Shaded","section":"Shading Mode"},"sceneLighting":true,"audioPlay":false,"sceneViewState":{"m_AlwaysRefresh":false,"showFog":true,"showSkybox":true,"showFlares":true,"showImageEffects":true,"showParticleSystems":true,"showVisualEffectGraphs":true,"m_FxEnabled":true},"in2DMode":false,"pivot":{"x":837.0155639648438,"y":226.10824584960938,"z":18.9254150390625},"rotation":{"x":0.25831490755081179,"y":-0.017701176926493646,"z":0.004728999454528093,"w":0.9659349918365479},"size":357.9455261230469,"orthographic":false}