{"cameraMode":{"drawMode":0,"name":"Shaded","section":"Shading Mode"},"sceneLighting":true,"audioPlay":false,"sceneViewState":{"m_AlwaysRefresh":false,"showFog":true,"showSkybox":true,"showFlares":true,"showImageEffects":true,"showParticleSystems":true,"showVisualEffectGraphs":true,"m_FxEnabled":true},"in2DMode":false,"pivot":{"x":1226.89404296875,"y":309.9503479003906,"z":1815.6448974609375},"rotation":{"x":0.048156529664993289,"y":0.07452420890331269,"z":-0.003605203004553914,"w":0.9960595369338989},"size":1101.45361328125,"orthographic":false}