{"cameraMode":{"drawMode":0,"name":"Shaded","section":"Shading Mode"},"sceneLighting":true,"audioPlay":false,"sceneViewState":{"m_AlwaysRefresh":false,"showFog":true,"showSkybox":true,"showFlares":true,"showImageEffects":true,"showParticleSystems":true,"showVisualEffectGraphs":true,"m_FxEnabled":true},"in2DMode":false,"pivot":{"x":839.3441772460938,"y":101.09991455078125,"z":-281.67962646484377},"rotation":{"x":0.3760758340358734,"y":-0.039493411779403689,"z":0.016045425087213517,"w":0.9256107211112976},"size":520.21630859375,"orthographic":false}