{"cameraMode":{"drawMode":0,"name":"Shaded","section":"Shading Mode"},"sceneLighting":false,"audioPlay":false,"sceneViewState":{"m_AlwaysRefresh":false,"showFog":true,"showSkybox":false,"showFlares":true,"showImageEffects":true,"showParticleSystems":true,"showVisualEffectGraphs":true,"m_FxEnabled":true},"in2DMode":false,"pivot":{"x":1012.8709106445313,"y":904.2109985351563,"z":2.1243896484375},"rotation":{"x":-0.04167860373854637,"y":-0.006314044818282127,"z":-0.00025504466611891985,"w":0.9991358518600464},"size":617.046142578125,"orthographic":false}